test,e,pi,sqrt2
Monobit,0.9284603066745787,0.6123158252984782,0.8177492428384112
Block,0.7989570148741042,0.5636072351247557,0.221687773276813
Second-level,0.12239596517246668,0.07058252802982627,0.1357135393815886
